{"parent":"minecraft:item/handheld","textures":{"layer0":"minecraft:item/golden_sword"},"overrides":[{"predicate":{"custom_model_data":2200001},"model":"slimefun:slimefun/gui/slimefun_guide"},{"predicate":{"custom_model_data":2200237},"model":"slimefun:slimefun/weapons/blade_of_vampires"},{"predicate":{"custom_model_data":2201249},"model":"extra_gear:swords/gilded_iron_sword"},{"predicate":{"custom_model_data":2201427},"model":"bump:magical_weapons/guard_sword"},{"predicate":{"custom_model_data":2201430},"model":"bump:magical_weapons/sky_sword"},{"predicate":{"custom_model_data":2201431},"model":"item/golden_sword"}]}