{"parent":"minecraft:item/generated","textures":{"layer0":"minecraft:item/iron_leggings"},"overrides":[{"predicate":{"custom_model_data":2200067},"model":"slimefun:slimefun/armor/damascus_armor/leggings"},{"predicate":{"custom_model_data":2200071},"model":"slimefun:slimefun/armor/reinforced_armor/leggings"},{"predicate":{"custom_model_data":2200235},"model":"slimefun:slimefun/magical_armor/slime_armor_steel/leggings"},{"predicate":{"custom_model_data":2201204},"model":"extra_gear:armor/aluminum/aluminum_leggings"},{"predicate":{"custom_model_data":2201208},"model":"extra_gear:armor/cobalt/cobalt_leggings"},{"predicate":{"custom_model_data":2201216},"model":"extra_gear:armor/lead/lead_leggings"},{"predicate":{"custom_model_data":2201220},"model":"extra_gear:armor/magnesium/magnesium_leggings"},{"predicate":{"custom_model_data":2201224},"model":"extra_gear:armor/silver/silver_leggings"},{"predicate":{"custom_model_data":2201228},"model":"extra_gear:armor/steel/steel_leggings"},{"predicate":{"custom_model_data":2201232},"model":"extra_gear:armor/tin/tin_leggings"},{"predicate":{"custom_model_data":2201236},"model":"extra_gear:armor/zinc/zinc_leggings"},{"predicate":{"custom_model_data":2201237},"model":"item/iron_leggings"}]}