{"parent":"minecraft:item/handheld","textures":{"layer0":"minecraft:item/iron_pickaxe"},"overrides":[{"predicate":{"custom_model_data":2200230},"model":"slimefun:slimefun/tools/pickaxe_of_containment"},{"predicate":{"custom_model_data":2200231},"model":"slimefun:slimefun/tools/hercules_pickaxe"},{"predicate":{"custom_model_data":2200258},"model":"slimefun:slimefun/tools/cobalt_pickaxe"},{"predicate":{"custom_model_data":2200547},"model":"slimefun:slimefun/tools/climbing_pick"},{"predicate":{"custom_model_data":2200548},"model":"item/iron_pickaxe"}]}