{"parent":"minecraft:item/generated","textures":{"layer0":"minecraft:item/iron_boots"},"overrides":[{"predicate":{"custom_model_data":2200068},"model":"slimefun:slimefun/armor/damascus_armor/boots"},{"predicate":{"custom_model_data":2200072},"model":"slimefun:slimefun/armor/reinforced_armor/boots"},{"predicate":{"custom_model_data":2200236},"model":"slimefun:slimefun/magical_armor/slime_armor_steel/boots"},{"predicate":{"custom_model_data":2200269},"model":"slimefun:slimefun/technical_gadgets/armored_jetboots"},{"predicate":{"custom_model_data":2201201},"model":"extra_gear:armor/aluminum/aluminum_boots"},{"predicate":{"custom_model_data":2201205},"model":"extra_gear:armor/cobalt/cobalt_boots"},{"predicate":{"custom_model_data":2201213},"model":"extra_gear:armor/lead/lead_boots"},{"predicate":{"custom_model_data":2201217},"model":"extra_gear:armor/magnesium/magnesium_boots"},{"predicate":{"custom_model_data":2201221},"model":"extra_gear:armor/silver/silver_boots"},{"predicate":{"custom_model_data":2201225},"model":"extra_gear:armor/steel/steel_boots"},{"predicate":{"custom_model_data":2201229},"model":"extra_gear:armor/tin/tin_boots"},{"predicate":{"custom_model_data":2201233},"model":"extra_gear:armor/zinc/zinc_boots"},{"predicate":{"custom_model_data":2201234},"model":"item/iron_boots"}]}