{"parent":"item/generated","textures":{"layer0":"item/leather_leggings","layer1":"item/leather_leggings_overlay"},"overrides":[{"predicate":{"custom_model_data":2200039},"model":"slimefun:slimefun/magical_armor/ender_amor/leggings"},{"predicate":{"custom_model_data":2200046},"model":"slimefun:slimefun/magical_armor/slime_armor/leggings"},{"predicate":{"custom_model_data":2200063},"model":"slimefun:slimefun/magical_armor/glowstone_armor/leggings"},{"predicate":{"custom_model_data":2200075},"model":"slimefun:slimefun/armor/cactus_armor/leggings"},{"predicate":{"custom_model_data":2200209},"model":"slimefun:slimefun/armor/hazmat_suit/leggings"},{"predicate":{"custom_model_data":2201212},"model":"extra_gear:armor/copper/copper_leggings"},{"predicate":{"custom_model_data":2201213},"model":"item/leather_leggings"}]}