{"parent":"item/generated","textures":{"layer0":"item/leather_chestplate","layer1":"item/leather_chestplate_overlay"},"overrides":[{"predicate":{"custom_model_data":2200038},"model":"slimefun:slimefun/magical_armor/ender_amor/chestplate"},{"predicate":{"custom_model_data":2200045},"model":"slimefun:slimefun/magical_armor/slime_armor/chestplate"},{"predicate":{"custom_model_data":2200062},"model":"slimefun:slimefun/magical_armor/glowstone_armor/chestplate"},{"predicate":{"custom_model_data":2200074},"model":"slimefun:slimefun/armor/cactus_armor/chestplate"},{"predicate":{"custom_model_data":2200120},"model":"slimefun:slimefun/technical_gadgets/duralumin_jetpack"},{"predicate":{"custom_model_data":2200121},"model":"slimefun:slimefun/technical_gadgets/solder_jetpack"},{"predicate":{"custom_model_data":2200122},"model":"slimefun:slimefun/technical_gadgets/billon_jetpack"},{"predicate":{"custom_model_data":2200123},"model":"slimefun:slimefun/technical_gadgets/steel_jetpack"},{"predicate":{"custom_model_data":2200124},"model":"slimefun:slimefun/technical_gadgets/damascus_steel_jetpack"},{"predicate":{"custom_model_data":2200125},"model":"slimefun:slimefun/technical_gadgets/reinforced_alloy_jetpack"},{"predicate":{"custom_model_data":2200126},"model":"slimefun:slimefun/technical_gadgets/carbonado_jetpack"},{"predicate":{"custom_model_data":2200127},"model":"slimefun:slimefun/technical_gadgets/parachute"},{"predicate":{"custom_model_data":2200208},"model":"slimefun:slimefun/armor/hazmat_suit/chestplate"},{"predicate":{"custom_model_data":2201210},"model":"extra_gear:armor/copper/copper_chestplate"},{"predicate":{"custom_model_data":2201211},"model":"item/leather_chestplate"}]}