{"parent":"item/generated","textures":{"layer0":"item/leather_boots","layer1":"item/leather_boots_overlay"},"overrides":[{"predicate":{"custom_model_data":2200040},"model":"slimefun:slimefun/magical_armor/ender_amor/boots"},{"predicate":{"custom_model_data":2200047},"model":"slimefun:slimefun/magical_armor/slime_armor/boots"},{"predicate":{"custom_model_data":2200064},"model":"slimefun:slimefun/magical_armor/glowstone_armor/boots"},{"predicate":{"custom_model_data":2200076},"model":"slimefun:slimefun/armor/cactus_armor/boots"},{"predicate":{"custom_model_data":2200210},"model":"slimefun:slimefun/armor/hazmat_suit/boots"},{"predicate":{"custom_model_data":2200240},"model":"slimefun:slimefun/magical_armor/farmer_armor/boots"},{"predicate":{"custom_model_data":2200246},"model":"slimefun:slimefun/magical_armor/stomper_armor/boots"},{"predicate":{"custom_model_data":2200262},"model":"slimefun:slimefun/technical_gadgets/duralumin_jetboots"},{"predicate":{"custom_model_data":2200263},"model":"slimefun:slimefun/technical_gadgets/solder_jetboots"},{"predicate":{"custom_model_data":2200264},"model":"slimefun:slimefun/technical_gadgets/billon_jetboots"},{"predicate":{"custom_model_data":2200265},"model":"slimefun:slimefun/technical_gadgets/steel_jetboots"},{"predicate":{"custom_model_data":2200266},"model":"slimefun:slimefun/technical_gadgets/damascus_steel_jetboots"},{"predicate":{"custom_model_data":2200267},"model":"slimefun:slimefun/technical_gadgets/reinforced_alloy_jetboots"},{"predicate":{"custom_model_data":2200268},"model":"slimefun:slimefun/technical_gadgets/carbonado_jetboots"},{"predicate":{"custom_model_data":2201209},"model":"extra_gear:armor/copper/copper_boots"},{"predicate":{"custom_model_data":2201210},"model":"item/leather_boots"}]}