{"parent":"item/generated","textures":{"layer0":"item/potion_overlay","layer1":"item/potion"},"overrides":[{"predicate":{"custom_model_data":2200228},"model":"slimefun:slimefun/items/medicine"},{"predicate":{"custom_model_data":2200284},"model":"slimefun:slimefun/food/apple_juice"},{"predicate":{"custom_model_data":2200285},"model":"slimefun:slimefun/food/carrot_juice"},{"predicate":{"custom_model_data":2200286},"model":"slimefun:slimefun/food/melon_juice"},{"predicate":{"custom_model_data":2200287},"model":"slimefun:slimefun/food/pumpkin_juice"},{"predicate":{"custom_model_data":2200288},"model":"slimefun:slimefun/food/sweet_berry_juice"},{"predicate":{"custom_model_data":2200289},"model":"slimefun:slimefun/food/golden_apple_juice"},{"predicate":{"custom_model_data":2200316},"model":"slimefun:slimefun/seasonal/christmas/christmas_milk"},{"predicate":{"custom_model_data":2200317},"model":"slimefun:slimefun/seasonal/christmas/christmas_chocolate_milk"},{"predicate":{"custom_model_data":2200318},"model":"slimefun:slimefun/seasonal/christmas/christmas_egg_nog"},{"predicate":{"custom_model_data":2200319},"model":"slimefun:slimefun/seasonal/christmas/christmas_apple_cider"},{"predicate":{"custom_model_data":2200323},"model":"slimefun:slimefun/seasonal/christmas/christmas_hot_chocolate"},{"predicate":{"custom_model_data":2200550},"model":"slimefun:slimefun/food/glow_berry_juice"},{"predicate":{"custom_model_data":2200830},"model":"exotic_garden:drinks/blackberry_juice"},{"predicate":{"custom_model_data":2200831},"model":"exotic_garden:drinks/blackberry_smoothie"},{"predicate":{"custom_model_data":2200832},"model":"exotic_garden:drinks/blueberry_juice"},{"predicate":{"custom_model_data":2200833},"model":"exotic_garden:drinks/blueberry_smoothie"},{"predicate":{"custom_model_data":2200834},"model":"exotic_garden:drinks/cherry_iced_tea"},{"predicate":{"custom_model_data":2200835},"model":"exotic_garden:drinks/cherry_juice"},{"predicate":{"custom_model_data":2200836},"model":"exotic_garden:drinks/coconut_milk"},{"predicate":{"custom_model_data":2200837},"model":"exotic_garden:drinks/cowberry_juice"},{"predicate":{"custom_model_data":2200838},"model":"exotic_garden:drinks/cowberry_smoothie"},{"predicate":{"custom_model_data":2200839},"model":"exotic_garden:drinks/cranberry_juice"},{"predicate":{"custom_model_data":2200840},"model":"exotic_garden:drinks/cranberry_smoothie"},{"predicate":{"custom_model_data":2200841},"model":"exotic_garden:drinks/dragon_fruit_juice"},{"predicate":{"custom_model_data":2200842},"model":"exotic_garden:drinks/elderberry_juice"},{"predicate":{"custom_model_data":2200843},"model":"exotic_garden:drinks/elderberry_smoothie"},{"predicate":{"custom_model_data":2200844},"model":"exotic_garden:drinks/grape_juice"},{"predicate":{"custom_model_data":2200845},"model":"exotic_garden:drinks/grape_smoothie"},{"predicate":{"custom_model_data":2200847},"model":"exotic_garden:drinks/lemon_ice_tea"},{"predicate":{"custom_model_data":2200848},"model":"exotic_garden:drinks/lemon_juice"},{"predicate":{"custom_model_data":2200849},"model":"exotic_garden:drinks/lemonade"},{"predicate":{"custom_model_data":2200850},"model":"exotic_garden:drinks/lime_juice"},{"predicate":{"custom_model_data":2200851},"model":"exotic_garden:drinks/lime_smoothie"},{"predicate":{"custom_model_data":2200852},"model":"exotic_garden:drinks/oak_apple_juice"},{"predicate":{"custom_model_data":2200853},"model":"exotic_garden:drinks/orange_juice"},{"predicate":{"custom_model_data":2200854},"model":"exotic_garden:drinks/peach_iced_tea"},{"predicate":{"custom_model_data":2200855},"model":"exotic_garden:drinks/peach_juice"},{"predicate":{"custom_model_data":2200856},"model":"exotic_garden:drinks/pear_juice"},{"predicate":{"custom_model_data":2200858},"model":"exotic_garden:drinks/pineapple_juice"},{"predicate":{"custom_model_data":2200859},"model":"exotic_garden:drinks/pineapple_smoothie"},{"predicate":{"custom_model_data":2200860},"model":"exotic_garden:drinks/plum_juice"},{"predicate":{"custom_model_data":2200861},"model":"exotic_garden:drinks/pomegranate_juice"},{"predicate":{"custom_model_data":2200862},"model":"exotic_garden:drinks/raspberry_iced_tea"},{"predicate":{"custom_model_data":2200863},"model":"exotic_garden:drinks/raspberry_juice"},{"predicate":{"custom_model_data":2200864},"model":"exotic_garden:drinks/raspberry_smoothie"},{"predicate":{"custom_model_data":2200865},"model":"exotic_garden:drinks/strawberry_iced_tea"},{"predicate":{"custom_model_data":2200866},"model":"exotic_garden:drinks/strawberry_juice"},{"predicate":{"custom_model_data":2200867},"model":"exotic_garden:drinks/strawberry_smoothie"},{"predicate":{"custom_model_data":2200869},"model":"exotic_garden:drinks/thai_tea"},{"predicate":{"custom_model_data":2200870},"model":"exotic_garden:drinks/tomato_juice"},{"predicate":{"custom_model_data":2200871},"model":"exotic_garden:drinks/wine"},{"predicate":{"custom_model_data":2201402},"model":"bump:foods/xuebi"},{"predicate":{"custom_model_data":2201403},"model":"bump:foods/kele"},{"predicate":{"custom_model_data":2201404},"model":"item/potion"}]}