{"parent":"minecraft:item/handheld","textures":{"layer0":"minecraft:item/stick"},"overrides":[{"predicate":{"custom_model_data":2200011},"model":"slimefun:slimefun/weapons/grandmas_walking_stick"},{"predicate":{"custom_model_data":2200012},"model":"slimefun:slimefun/weapons/grandpas_walking_stick"},{"predicate":{"custom_model_data":2200133},"model":"slimefun:slimefun/magical_gadgets/elemental_staff"},{"predicate":{"custom_model_data":2200134},"model":"slimefun:slimefun/magical_gadgets/wind_staff"},{"predicate":{"custom_model_data":2200135},"model":"slimefun:slimefun/magical_gadgets/water_staff"},{"predicate":{"custom_model_data":2200160},"model":"slimefun:slimefun/magical_gadgets/fire_staff"},{"predicate":{"custom_model_data":2200161},"model":"slimefun:slimefun/magical_gadgets/storm_staff"},{"predicate":{"custom_model_data":2200225},"model":"slimefun:slimefun/items/splint"},{"predicate":{"custom_model_data":2201417},"model":"bump:magical_items/peach_wood"},{"predicate":{"custom_model_data":2201418},"model":"item/stick"}]}