{"parent":"minecraft:item/generated","textures":{"layer0":"minecraft:item/string"},"overrides":[{"predicate":{"custom_model_data":2200129},"model":"slimefun:slimefun/miscellaneous/chain"},{"predicate":{"custom_model_data":2200308},"model":"slimefun:slimefun/technical_components/copper_wire"},{"predicate":{"custom_model_data":2200813},"model":"litexpansion:materials/copper_cable"},{"predicate":{"custom_model_data":2200824},"model":"litexpansion:materials/uninsulated_copper_cable"},{"predicate":{"custom_model_data":2201404},"model":"bump:foods/fangbianmian"},{"predicate":{"custom_model_data":2202011},"model":"slimefunwarfare:general/fiber_optic_cable"},{"predicate":{"custom_model_data":2202012},"model":"item/string"}]}